id,name,type1,type2,hp,attack,defense,sp_attack,sp_defense,speed,total,generation,combat_avg,defense_avg,offense_avg,balance,efficiency,power_category,predicted_efficiency
122,Mr. Mime,Psychic,Fairy,40,45,65,100,120,90,460,1,84,75,78.33333333333333,0.7121212121212122,0.7666666666666667,Médio,0.7666064497934322
77,Ponyta,Fire,NA,50,85,55,65,65,90,410,1,72,56.666666666666664,80,0.8148148148148149,0.6833333333333333,Médio,0.6833816058133249
12,Butterfree,Bug,Flying,60,45,50,90,80,70,395,1,67,63.333333333333336,68.33333333333333,0.7735849056603774,0.6583333333333333,Baixo,0.6584821439822929
71,Victreebel,Grass,Poison,80,105,65,100,70,70,490,1,82,71.66666666666667,91.66666666666669,0.7794117647058824,0.8166666666666667,Médio,0.8166670980303294
82,Magneton,Electric,Steel,50,60,95,120,70,70,465,1,83,71.66666666666667,83.33333333333333,0.5797101449275363,0.775,Médio,0.7750258709406431
