Modelo,RMSE,MAE,R2
Regressão Linear,0.00626709651859843,0.001351697106657463,0.9988218495857634
Random Forest,0.05770163688830789,0.0452832848020436,0.9292373004066805
Ridge,0.009931841576668534,NA,NA
Lasso,0.008759235160593263,NA,NA
