player_pokemon,total_battles,victories,victory_rate,avg_turns,avg_hp_remaining
Victreebel,26,22,84.61538461538461,0.5384615384615385,35.53846153846153
Magneton,26,19,73.07692307692307,0.6923076923076923,17.326923076923073
Ponyta,26,15,57.692307692307686,0.5,15.75
Mr. Mime,26,11,42.30769230769231,0.6153846153846154,7.738461538461539
Butterfree,26,10,38.46153846153847,0.6923076923076923,3.692307692307692
