player_pokemon,total_battles,victories,victory_rate,avg_turns,avg_hp_remaining
Victreebel,25,22,88,0.48,38.519999999999996
Magneton,25,19,76,0.64,19.020000000000003
Ponyta,25,15,60,0.48,16.38
Mr. Mime,25,12,48,0.56,9.216
Butterfree,25,11,44,0.6799999999999999,5.5200000000000005
